[
{
    "model": "mbof.role",
    "pk": 1,
    "fields": {
        "code": "STU",
        "description": "Student"
    }
},
{
    "model": "mbof.role",
    "pk": 2,
    "fields": {
        "code": "FAC",
        "description": "Faculty"
    }
},
{
    "model": "mbof.role",
    "pk": 3,
    "fields": {
        "code": "STA",
        "description": "Staff"
    }
},
{
    "model": "mbof.role",
    "pk": 4,
    "fields": {
        "code": "OTH",
        "description": "Other"
    }
},
{
    "model": "mbof.user",
    "pk": "bjensen",
    "fields": {
        "displayName": "Babs Jensen",
        "surname": "Jensen",
        "givenName": "Barbara",
        "aboutMe": null,
        "roles": 1
    }
},
{
    "model": "mbof.user",
    "pk": "dpgumby",
    "fields": {
        "displayName": "D.P. Gumby",
        "surname": "Gumby",
        "givenName": "D.P.",
        "aboutMe": null,
        "roles": 2
    }
},
{
    "model": "mbof.user",
    "pk": "fordp",
    "fields": {
        "displayName": "Ford Prefect",
        "surname": "Prefect",
        "givenName": "Ford",
        "aboutMe": null,
        "roles": 3
    }
},
{
    "model": "mbof.message",
    "pk": 1,
    "fields": {
        "latitude": 42.2819709777832,
        "longitude": -83.731689453125,
        "altitudeMeters": 254.0,
        "messageText": "Watching for Vogons",
        "postingTime": "2016-02-22T20:50:58Z",
        "startTime": "2016-02-22T21:30:00Z",
        "endTime": "2016-02-23T20:51:44Z",
        "owner": "fordp",
        "participantCount": 0,
        "hashtag": null
    }
},
{
    "model": "mbof.message",
    "pk": 2,
    "fields": {
        "latitude": 42.275267,
        "longitude": -83.741606,
        "altitudeMeters": 267.27,
        "messageText": "Fun at the Union",
        "postingTime": "2016-02-22T21:00:33Z",
        "startTime": "2016-02-22T21:00:35Z",
        "endTime": "2016-02-22T21:00:36Z",
        "owner": "bjensen",
        "participantCount": 0,
        "hashtag": null
    }
},
{
    "model": "mbof.message",
    "pk": 3,
    "fields": {
        "latitude": 42.2755696,
        "longitude": -83.7398206,
        "altitudeMeters": 257.0,
        "messageText": "Study the art",
        "postingTime": "2016-02-22T23:39:29Z",
        "startTime": "2016-02-22T23:39:31Z",
        "endTime": "2016-02-22T23:39:33Z",
        "owner": "bjensen",
        "participantCount": 0,
        "hashtag": null
    }
},
{
    "model": "mbof.message",
    "pk": 4,
    "fields": {
        "latitude": 42.2994081,
        "longitude": -83.6621599,
        "altitudeMeters": 245.0,
        "messageText": "Flower arrangement demonstration.  More cry-manthesums needed.",
        "postingTime": "2016-02-29T15:19:03Z",
        "startTime": "2016-02-29T17:00:00Z",
        "endTime": "2016-03-11T15:20:23Z",
        "owner": "dpgumby",
        "participantCount": 0,
        "hashtag": "#botany"
    }
},
{
    "model": "mbof.message",
    "pk": 5,
    "fields": {
        "latitude": 42.300933837890625,
        "longitude": -83.7049789428711,
        "altitudeMeters": 52.0,
        "messageText": "Hacks With Friends ",
        "postingTime": "2016-03-04T14:35:05.718Z",
        "startTime": "2017-01-01T04:59:00Z",
        "endTime": "2017-01-01T04:59:00Z",
        "owner": "bjensen",
        "participantCount": 0,
        "hashtag": null
    }
},
{
    "model": "mbof.message",
    "pk": 6,
    "fields": {
        "latitude": 42.300659200000005,
        "longitude": -83.705218,
        "altitudeMeters": 34.0,
        "messageText": "asdf",
        "postingTime": "2016-03-04T15:24:58.000Z",
        "startTime": "2016-03-04T15:24:58.000Z",
        "endTime": "2016-03-09T15:24:58.000Z",
        "owner": "bjensen",
        "participantCount": 0,
        "hashtag": null
    }
},
{
    "model": "mbof.message",
    "pk": 7,
    "fields": {
        "latitude": 42.300659200000005,
        "longitude": -83.705218,
        "altitudeMeters": 34.0,
        "messageText": "asdf",
        "postingTime": "2016-03-04T15:40:34.501Z",
        "startTime": "2016-03-04T15:40:34.501Z",
        "endTime": "2016-03-09T15:40:34.501Z",
        "owner": "bjensen",
        "participantCount": 0,
        "hashtag": null
    }
},
{
    "model": "mbof.message",
    "pk": 8,
    "fields": {
        "latitude": 41.8006591796875,
        "longitude": -82.10521697998047,
        "altitudeMeters": 34.0,
        "messageText": "asdf",
        "postingTime": "2016-03-04T15:24:58.000Z",
        "startTime": "2016-03-04T15:24:58.000Z",
        "endTime": "2016-03-09T15:24:58.000Z",
        "owner": "bjensen",
        "participantCount": 0,
        "hashtag": null
    }
},
{
    "model": "mbof.message",
    "pk": 9,
    "fields": {
        "latitude": 42.27804183959961,
        "longitude": -83.73822784423828,
        "altitudeMeters": 264.9533386230469,
        "messageText": "Campus Center",
        "postingTime": "2016-03-07T17:10:00.000Z",
        "startTime": null,
        "endTime": null,
        "owner": "fordp",
        "participantCount": 1,
        "hashtag": "#sampleData"
    }
},
{
    "model": "mbof.message",
    "pk": 10,
    "fields": {
        "latitude": 42.279876708984375,
        "longitude": -83.73289489746094,
        "altitudeMeters": 264.9691467285156,
        "messageText": "Lorem",
        "postingTime": "2016-03-07T17:10:00.000Z",
        "startTime": null,
        "endTime": null,
        "owner": "bjensen",
        "participantCount": 2,
        "hashtag": "#sampleData"
    }
},
{
    "model": "mbof.message",
    "pk": 11,
    "fields": {
        "latitude": 42.28074645996094,
        "longitude": -83.73709869384766,
        "altitudeMeters": 264.4632873535156,
        "messageText": "ipsum",
        "postingTime": "2016-03-07T17:10:00.000Z",
        "startTime": null,
        "endTime": null,
        "owner": "bjensen",
        "participantCount": 3,
        "hashtag": "#sampleData"
    }
},
{
    "model": "mbof.message",
    "pk": 12,
    "fields": {
        "latitude": 42.27775573730469,
        "longitude": -83.7369384765625,
        "altitudeMeters": 266.6853332519531,
        "messageText": "dolor",
        "postingTime": "2016-03-07T17:10:00.000Z",
        "startTime": null,
        "endTime": null,
        "owner": "dpgumby",
        "participantCount": 4,
        "hashtag": "#sampleData"
    }
},
{
    "model": "mbof.message",
    "pk": 13,
    "fields": {
        "latitude": 42.277099609375,
        "longitude": -83.73506927490234,
        "altitudeMeters": 264.4520263671875,
        "messageText": "sit",
        "postingTime": "2016-03-07T17:10:00.000Z",
        "startTime": null,
        "endTime": null,
        "owner": "bjensen",
        "participantCount": 5,
        "hashtag": "#sampleData"
    }
},
{
    "model": "mbof.message",
    "pk": 14,
    "fields": {
        "latitude": 42.279541015625,
        "longitude": -83.736083984375,
        "altitudeMeters": 265.6742248535156,
        "messageText": "amet",
        "postingTime": "2016-03-07T17:10:00.000Z",
        "startTime": null,
        "endTime": null,
        "owner": "bjensen",
        "participantCount": 6,
        "hashtag": "#sampleData"
    }
},
{
    "model": "mbof.message",
    "pk": 15,
    "fields": {
        "latitude": 42.279808044433594,
        "longitude": -83.73837280273438,
        "altitudeMeters": 267.9234924316406,
        "messageText": "consectetur",
        "postingTime": "2016-03-07T17:10:00.000Z",
        "startTime": null,
        "endTime": null,
        "owner": "bjensen",
        "participantCount": 7,
        "hashtag": "#sampleData"
    }
},
{
    "model": "mbof.message",
    "pk": 16,
    "fields": {
        "latitude": 42.27598190307617,
        "longitude": -83.73609924316406,
        "altitudeMeters": 263.543212890625,
        "messageText": "adipiscing",
        "postingTime": "2016-03-07T17:10:00.000Z",
        "startTime": null,
        "endTime": null,
        "owner": "bjensen",
        "participantCount": 8,
        "hashtag": "#sampleData"
    }
},
{
    "model": "mbof.message",
    "pk": 17,
    "fields": {
        "latitude": 42.27983856201172,
        "longitude": -83.73870849609375,
        "altitudeMeters": 264.9010314941406,
        "messageText": "elit",
        "postingTime": "2016-03-07T17:10:00.000Z",
        "startTime": null,
        "endTime": null,
        "owner": "fordp",
        "participantCount": 9,
        "hashtag": "#sampleData"
    }
},
{
    "model": "mbof.message",
    "pk": 18,
    "fields": {
        "latitude": 42.275733947753906,
        "longitude": -83.74217987060547,
        "altitudeMeters": 263.6704406738281,
        "messageText": "Suspendisse",
        "postingTime": "2016-03-07T17:10:00.000Z",
        "startTime": null,
        "endTime": null,
        "owner": "bjensen",
        "participantCount": 10,
        "hashtag": "#sampleData"
    }
},
{
    "model": "mbof.message",
    "pk": 19,
    "fields": {
        "latitude": 42.275718688964844,
        "longitude": -83.73487091064453,
        "altitudeMeters": 264.81451416015625,
        "messageText": "consequat",
        "postingTime": "2016-03-07T17:10:00.000Z",
        "startTime": null,
        "endTime": null,
        "owner": "bjensen",
        "participantCount": 11,
        "hashtag": "#sampleData"
    }
},
{
    "model": "mbof.message",
    "pk": 20,
    "fields": {
        "latitude": 42.2757453918457,
        "longitude": -83.73799896240234,
        "altitudeMeters": 268.45916748046875,
        "messageText": "fermentum",
        "postingTime": "2016-03-07T17:10:00.000Z",
        "startTime": null,
        "endTime": null,
        "owner": "dpgumby",
        "participantCount": 12,
        "hashtag": "#sampleData"
    }
},
{
    "model": "mbof.message",
    "pk": 21,
    "fields": {
        "latitude": 42.280052185058594,
        "longitude": -83.74127960205078,
        "altitudeMeters": 264.4952087402344,
        "messageText": "mauris",
        "postingTime": "2016-03-07T17:10:00.000Z",
        "startTime": null,
        "endTime": null,
        "owner": "fordp",
        "participantCount": 13,
        "hashtag": "#sampleData"
    }
},
{
    "model": "mbof.message",
    "pk": 22,
    "fields": {
        "latitude": 42.27702331542969,
        "longitude": -83.73934936523438,
        "altitudeMeters": 266.1491394042969,
        "messageText": "sit",
        "postingTime": "2016-03-07T17:10:00.000Z",
        "startTime": null,
        "endTime": null,
        "owner": "bjensen",
        "participantCount": 14,
        "hashtag": "#sampleData"
    }
},
{
    "model": "mbof.message",
    "pk": 23,
    "fields": {
        "latitude": 42.27747344970703,
        "longitude": -83.74046325683594,
        "altitudeMeters": 266.3511047363281,
        "messageText": "amet",
        "postingTime": "2016-03-07T17:10:00.000Z",
        "startTime": null,
        "endTime": null,
        "owner": "bjensen",
        "participantCount": 15,
        "hashtag": "#sampleData"
    }
},
{
    "model": "mbof.message",
    "pk": 24,
    "fields": {
        "latitude": 42.27822494506836,
        "longitude": -83.73497009277344,
        "altitudeMeters": 265.78485107421875,
        "messageText": "tincidunt",
        "postingTime": "2016-03-07T17:10:00.000Z",
        "startTime": null,
        "endTime": null,
        "owner": "dpgumby",
        "participantCount": 16,
        "hashtag": "#sampleData"
    }
},
{
    "model": "mbof.message",
    "pk": 25,
    "fields": {
        "latitude": 42.280860900878906,
        "longitude": -83.74221801757812,
        "altitudeMeters": 266.75274658203125,
        "messageText": "risus",
        "postingTime": "2016-03-07T17:10:00.000Z",
        "startTime": null,
        "endTime": null,
        "owner": "bjensen",
        "participantCount": 17,
        "hashtag": "#sampleData"
    }
},
{
    "model": "mbof.message",
    "pk": 26,
    "fields": {
        "latitude": 42.277809143066406,
        "longitude": -83.73786163330078,
        "altitudeMeters": 263.94195556640625,
        "messageText": "auctor",
        "postingTime": "2016-03-07T17:10:00.000Z",
        "startTime": null,
        "endTime": null,
        "owner": "bjensen",
        "participantCount": 18,
        "hashtag": "#sampleData"
    }
},
{
    "model": "mbof.message",
    "pk": 27,
    "fields": {
        "latitude": 42.27994918823242,
        "longitude": -83.74169921875,
        "altitudeMeters": 268.8115234375,
        "messageText": "et",
        "postingTime": "2016-03-07T17:10:00.000Z",
        "startTime": null,
        "endTime": null,
        "owner": "bjensen",
        "participantCount": 19,
        "hashtag": "#sampleData"
    }
},
{
    "model": "mbof.message",
    "pk": 28,
    "fields": {
        "latitude": 42.27943801879883,
        "longitude": -83.73346710205078,
        "altitudeMeters": 264.5925598144531,
        "messageText": "Morbi",
        "postingTime": "2016-03-07T17:10:00.000Z",
        "startTime": null,
        "endTime": null,
        "owner": "bjensen",
        "participantCount": 20,
        "hashtag": "#sampleData"
    }
},
{
    "model": "mbof.message",
    "pk": 30,
    "fields": {
        "latitude": 42.2697429,
        "longitude": -83.7470664,
        "altitudeMeters": 30.0,
        "messageText": "M-BoF HWF demo w/ John",
        "postingTime": "2016-03-07T15:12:59.568Z",
        "startTime": "2016-03-07T15:12:59Z",
        "endTime": "2016-03-07T15:12:59Z",
        "owner": "fordp",
        "participantCount": 0,
        "hashtag": null
    }
},
{
    "model": "mbof.vote",
    "pk": 1,
    "fields": {
        "message": 5,
        "voter": "bjensen",
        "vote": "+1"
    }
},
{
    "model": "mbof.vote",
    "pk": 2,
    "fields": {
        "message": 5,
        "voter": "fordp",
        "vote": "+1"
    }
},
{
    "model": "mbof.vote",
    "pk": 3,
    "fields": {
        "message": 5,
        "voter": "dpgumby",
        "vote": "+1"
    }
},
{
    "model": "mbof.vote",
    "pk": 6,
    "fields": {
        "message": 4,
        "voter": "bjensen",
        "vote": "+1"
    }
},
{
    "model": "mbof.vote",
    "pk": 7,
    "fields": {
        "message": 2,
        "voter": "bjensen",
        "vote": "-1"
    }
},
{
    "model": "mbof.vote",
    "pk": 8,
    "fields": {
        "message": 1,
        "voter": "bjensen",
        "vote": "+1"
    }
},
{
    "model": "mbof.vote",
    "pk": 9,
    "fields": {
        "message": 3,
        "voter": "bjensen",
        "vote": "+1"
    }
},
{
    "model": "mbof.vote",
    "pk": 10,
    "fields": {
        "message": 21,
        "voter": "bjensen",
        "vote": "+1"
    }
},
{
    "model": "mbof.vote",
    "pk": 11,
    "fields": {
        "message": 22,
        "voter": "bjensen",
        "vote": "-1"
    }
},
{
    "model": "mbof.vote",
    "pk": 14,
    "fields": {
        "message": 30,
        "voter": "fordp",
        "vote": "+1"
    }
}
]
